"0","pdbs"
"1","                                1        .         .         .         40"
"1"," "
"1","
"
"1","[Truncated_Name:1]1AKE_A.pdb    ----------MRIILLGAPGAGKGTQAQFIMEKYGIPQIS"
"1","
"
"1","[Truncated_Name:2]8BQF_A.pdb    ----------MRIILLGAPGAGKGTQAQFIMEKYGIPQIS"
"1","
"
"1","[Truncated_Name:3]4X8M_A.pdb    ----------MRIILLGAPGAGKGTQAQFIMEKYGIPQIS"
"1","
"
"1","[Truncated_Name:4]6S36_A.pdb    ----------MRIILLGAPGAGKGTQAQFIMEKYGIPQIS"
"1","
"
"1","[Truncated_Name:5]8Q2B_A.pdb    ----------MRIILLGAPGAGKGTQAQFIMEKYGIPQIS"
"1","
"
"1","[Truncated_Name:6]8RJ9_A.pdb    ----------MRIILLGAPGAGKGTQAQFIMEKYGIPQIS"
"1","
"
"1","[Truncated_Name:7]6RZE_A.pdb    ----------MRIILLGAPGAGKGTQAQFIMEKYGIPQIS"
"1","
"
"1","[Truncated_Name:8]4X8H_A.pdb    ----------MRIILLGAPGAGKGTQAQFIMEKYGIPQIS"
"1","
"
"1","[Truncated_Name:9]3HPR_A.pdb    ----------MRIILLGAPGAGKGTQAQFIMEKYGIPQIS"
"1","
"
"1","[Truncated_Name:10]1E4V_A.pdb   ----------MRIILLGAPVAGKGTQAQFIMEKYGIPQIS"
"1","
"
"1","[Truncated_Name:11]5EJE_A.pdb   ----------MRIILLGAPGAGKGTQAQFIMEKYGIPQIS"
"1","
"
"1","[Truncated_Name:12]1E4Y_A.pdb   ----------MRIILLGALVAGKGTQAQFIMEKYGIPQIS"
"1","
"
"1","[Truncated_Name:13]3X2S_A.pdb   ----------MRIILLGAPGAGKGTQAQFIMEKYGIPQIS"
"1","
"
"1","[Truncated_Name:14]6HAP_A.pdb   ----------MRIILLGAPGAGKGTQAQFIMEKYGIPQIS"
"1","
"
"1","[Truncated_Name:15]6HAM_A.pdb   ----------MRIILLGAPGAGKGTQAQFIMEKYGIPQIS"
"1","
"
"1","[Truncated_Name:16]4K46_A.pdb   ----------MRIILLGAPGAGKGTQAQFIMAKFGIPQIS"
"1","
"
"1","[Truncated_Name:17]4NP6_A.pdb   --------NAMRIILLGAPGAGKGTQAQFIMEKFGIPQIS"
"1","
"
"1","[Truncated_Name:18]3GMT_A.pdb   ----------MRLILLGAPGAGKGTQANFIKEKFGIPQIS"
"1","
"
"1","[Truncated_Name:19]4PZL_A.pdb   TENLYFQSNAMRIILLGAPGAGKGTQAKIIEQKYNIAHIS"
"1","
"
"1","                                          **^*****  *******  *  *^ *  **"
"1"," "
"1","
"
"1","                                1        .         .         .         40"
"1"," "
"1","

"
"1","                               41        .         .         .         80"
"1"," "
"1","
"
"1","[Truncated_Name:1]1AKE_A.pdb    TGDMLRAAVKSGSELGKQAKDIMDAGKLVTDELVIALVKE"
"1","
"
"1","[Truncated_Name:2]8BQF_A.pdb    TGDMLRAAVKSGSELGKQAKDIMDAGKLVTDELVIALVKE"
"1","
"
"1","[Truncated_Name:3]4X8M_A.pdb    TGDMLRAAVKSGSELGKQAKDIMDAGKLVTDELVIALVKE"
"1","
"
"1","[Truncated_Name:4]6S36_A.pdb    TGDMLRAAVKSGSELGKQAKDIMDAGKLVTDELVIALVKE"
"1","
"
"1","[Truncated_Name:5]8Q2B_A.pdb    TGDMLRAAVKSGSELGKQAKDIMDAGKLVTDELVIALVKE"
"1","
"
"1","[Truncated_Name:6]8RJ9_A.pdb    TGDMLRAAVKSGSELGKQAKDIMDAGKLVTDELVIALVKE"
"1","
"
"1","[Truncated_Name:7]6RZE_A.pdb    TGDMLRAAVKSGSELGKQAKDIMDAGKLVTDELVIALVKE"
"1","
"
"1","[Truncated_Name:8]4X8H_A.pdb    TGDMLRAAVKSGSELGKQAKDIMDAGKLVTDELVIALVKE"
"1","
"
"1","[Truncated_Name:9]3HPR_A.pdb    TGDMLRAAVKSGSELGKQAKDIMDAGKLVTDELVIALVKE"
"1","
"
"1","[Truncated_Name:10]1E4V_A.pdb   TGDMLRAAVKSGSELGKQAKDIMDAGKLVTDELVIALVKE"
"1","
"
"1","[Truncated_Name:11]5EJE_A.pdb   TGDMLRAAVKSGSELGKQAKDIMDACKLVTDELVIALVKE"
"1","
"
"1","[Truncated_Name:12]1E4Y_A.pdb   TGDMLRAAVKSGSELGKQAKDIMDAGKLVTDELVIALVKE"
"1","
"
"1","[Truncated_Name:13]3X2S_A.pdb   TGDMLRAAVKSGSELGKQAKDIMDCGKLVTDELVIALVKE"
"1","
"
"1","[Truncated_Name:14]6HAP_A.pdb   TGDMLRAAVKSGSELGKQAKDIMDAGKLVTDELVIALVRE"
"1","
"
"1","[Truncated_Name:15]6HAM_A.pdb   TGDMLRAAIKSGSELGKQAKDIMDAGKLVTDEIIIALVKE"
"1","
"
"1","[Truncated_Name:16]4K46_A.pdb   TGDMLRAAIKAGTELGKQAKSVIDAGQLVSDDIILGLVKE"
"1","
"
"1","[Truncated_Name:17]4NP6_A.pdb   TGDMLRAAIKAGTELGKQAKAVIDAGQLVSDDIILGLIKE"
"1","
"
"1","[Truncated_Name:18]3GMT_A.pdb   TGDMLRAAVKAGTPLGVEAKTYMDEGKLVPDSLIIGLVKE"
"1","
"
"1","[Truncated_Name:19]4PZL_A.pdb   TGDMIRETIKSGSALGQELKKVLDAGELVSDEFIIKIVKD"
"1","
"
"1","                                ****^*  ^* *^ **   *  ^*   ** *  ^^ ^^^^"
"1"," "
"1","
"
"1","                               41        .         .         .         80"
"1"," "
"1","

"
"1","                               81        .         .         .         120"
"1"," "
"1","
"
"1","[Truncated_Name:1]1AKE_A.pdb    RIAQEDCRNGFLLDGFPRTIPQADAMKEAGINVDYVLEFD"
"1","
"
"1","[Truncated_Name:2]8BQF_A.pdb    RIAQE----GFLLDGFPRTIPQADAMKEAGINVDYVIEFD"
"1","
"
"1","[Truncated_Name:3]4X8M_A.pdb    RIAQEDCRNGFLLDGFPRTIPQADAMKEAGINVDYVLEFD"
"1","
"
"1","[Truncated_Name:4]6S36_A.pdb    RIAQEDCRNGFLLDGFPRTIPQADAMKEAGINVDYVLEFD"
"1","
"
"1","[Truncated_Name:5]8Q2B_A.pdb    RIAQEDCRNGFLLDGFPRTIPQADAMKEAGINVDYVLEFD"
"1","
"
"1","[Truncated_Name:6]8RJ9_A.pdb    RIAQEDCRNGFLLAGFPRTIPQADAMKEAGINVDYVLEFD"
"1","
"
"1","[Truncated_Name:7]6RZE_A.pdb    RIAQEDCRNGFLLDGFPRTIPQADAMKEAGINVDYVLEFD"
"1","
"
"1","[Truncated_Name:8]4X8H_A.pdb    RIAQEDCRNGFLLDGFPRTIPQADAMKEAGINVDYVLEFD"
"1","
"
"1","[Truncated_Name:9]3HPR_A.pdb    RIAQEDCRNGFLLDGFPRTIPQADAMKEAGINVDYVLEFD"
"1","
"
"1","[Truncated_Name:10]1E4V_A.pdb   RIAQEDCRNGFLLDGFPRTIPQADAMKEAGINVDYVLEFD"
"1","
"
"1","[Truncated_Name:11]5EJE_A.pdb   RIAQEDCRNGFLLDGFPRTIPQADAMKEAGINVDYVLEFD"
"1","
"
"1","[Truncated_Name:12]1E4Y_A.pdb   RIAQEDCRNGFLLDGFPRTIPQADAMKEAGINVDYVLEFD"
"1","
"
"1","[Truncated_Name:13]3X2S_A.pdb   RIAQEDSRNGFLLDGFPRTIPQADAMKEAGINVDYVLEFD"
"1","
"
"1","[Truncated_Name:14]6HAP_A.pdb   RICQEDSRNGFLLDGFPRTIPQADAMKEAGINVDYVLEFD"
"1","
"
"1","[Truncated_Name:15]6HAM_A.pdb   RICQEDSRNGFLLDGFPRTIPQADAMKEAGINVDYVLEFD"
"1","
"
"1","[Truncated_Name:16]4K46_A.pdb   RIAQDDCAKGFLLDGFPRTIPQADGLKEVGVVVDYVIEFD"
"1","
"
"1","[Truncated_Name:17]4NP6_A.pdb   RIAQADCEKGFLLDGFPRTIPQADGLKEMGINVDYVIEFD"
"1","
"
"1","[Truncated_Name:18]3GMT_A.pdb   RLKEADCANGYLFDGFPRTIAQADAMKEAGVAIDYVLEID"
"1","
"
"1","[Truncated_Name:19]4PZL_A.pdb   RISKNDCNNGFLLDGVPRTIPQAQELDKLGVNIDYIVEVD"
"1","
"
"1","                                *^       *^*  * **** **  ^   *^ ^**^^* *"
"1"," "
"1","
"
"1","                               81        .         .         .         120"
"1"," "
"1","

"
"1","                              121        .         .         .         160"
"1"," "
"1","
"
"1","[Truncated_Name:1]1AKE_A.pdb    VPDELIVDRIVGRRVHAPSGRVYHVKFNPPKVEGKDDVTG"
"1","
"
"1","[Truncated_Name:2]8BQF_A.pdb    VPDELIVDRIVGRRVHAPSGRVYHVKFNPPKVEGKDDVTG"
"1","
"
"1","[Truncated_Name:3]4X8M_A.pdb    VPDELIVDRIVGRRVHAPSGRVYHVKFNPPKVEGKDDVTG"
"1","
"
"1","[Truncated_Name:4]6S36_A.pdb    VPDELIVDKIVGRRVHAPSGRVYHVKFNPPKVEGKDDVTG"
"1","
"
"1","[Truncated_Name:5]8Q2B_A.pdb    VPDELIVDRIVGRRVHAPSGRVYHVKFNPPKVEGKDDVTG"
"1","
"
"1","[Truncated_Name:6]8RJ9_A.pdb    VPDELIVDRIVGRRVHAPSGRVYHVKFNPPKVEGKDDVTG"
"1","
"
"1","[Truncated_Name:7]6RZE_A.pdb    VPDELIVDAIVGRRVHAPSGRVYHVKFNPPKVEGKDDVTG"
"1","
"
"1","[Truncated_Name:8]4X8H_A.pdb    VPDELIVDRIVGRRVHAPSGRVYHVKFNPPKVEGKDDVTG"
"1","
"
"1","[Truncated_Name:9]3HPR_A.pdb    VPDELIVDRIVGRRVHAPSGRVYHVKFNPPKVEGKDDGTG"
"1","
"
"1","[Truncated_Name:10]1E4V_A.pdb   VPDELIVDRIVGRRVHAPSGRVYHVKFNPPKVEGKDDVTG"
"1","
"
"1","[Truncated_Name:11]5EJE_A.pdb   VPDELIVDRIVGRRVHAPSGRVYHVKFNPPKVEGKDDVTG"
"1","
"
"1","[Truncated_Name:12]1E4Y_A.pdb   VPDELIVDRIVGRRVHAPSGRVYHVKFNPPKVEGKDDVTG"
"1","
"
"1","[Truncated_Name:13]3X2S_A.pdb   VPDELIVDRIVGRRVHAPSGRVYHVKFNPPKVEGKDDVTG"
"1","
"
"1","[Truncated_Name:14]6HAP_A.pdb   VPDELIVDRIVGRRVHAPSGRVYHVKFNPPKVEGKDDVTG"
"1","
"
"1","[Truncated_Name:15]6HAM_A.pdb   VPDELIVDRIVGRRVHAPSGRVYHVKFNPPKVEGKDDVTG"
"1","
"
"1","[Truncated_Name:16]4K46_A.pdb   VADSVIVERMAGRRAHLASGRTYHNVYNPPKVEGKDDVTG"
"1","
"
"1","[Truncated_Name:17]4NP6_A.pdb   VADDVIVERMAGRRAHLPSGRTYHVVYNPPKVEGKDDVTG"
"1","
"
"1","[Truncated_Name:18]3GMT_A.pdb   VPFSEIIERMSGRRTHPASGRTYHVKFNPPKVEGKDDVTG"
"1","
"
"1","[Truncated_Name:19]4PZL_A.pdb   VADNLLIERITGRRIHPASGRTYHTKFNPPKVADKDDVTG"
"1","
"
"1","                                *    ^^^ ^ *** *  *** **  ^*****  *** **"
"1"," "
"1","
"
"1","                              121        .         .         .         160"
"1"," "
"1","

"
"1","                              161        .         .         .         200"
"1"," "
"1","
"
"1","[Truncated_Name:1]1AKE_A.pdb    EELTTRKDDQEETVRKRLVEYHQMTAPLIGYYSKEAEAGN"
"1","
"
"1","[Truncated_Name:2]8BQF_A.pdb    EELTTRKDDQEETVRKRLVEYHQMTAPLIGYYSKEAEAGN"
"1","
"
"1","[Truncated_Name:3]4X8M_A.pdb    EELTTRKDDQEETVRKRLVEWHQMTAPLIGYYSKEAEAGN"
"1","
"
"1","[Truncated_Name:4]6S36_A.pdb    EELTTRKDDQEETVRKRLVEYHQMTAPLIGYYSKEAEAGN"
"1","
"
"1","[Truncated_Name:5]8Q2B_A.pdb    EELTTRKADQEETVRKRLVEYHQMTAPLIGYYSKEAEAGN"
"1","
"
"1","[Truncated_Name:6]8RJ9_A.pdb    EELTTRKDDQEETVRKRLVEYHQMTAPLIGYYSKEAEAGN"
"1","
"
"1","[Truncated_Name:7]6RZE_A.pdb    EELTTRKDDQEETVRKRLVEYHQMTAPLIGYYSKEAEAGN"
"1","
"
"1","[Truncated_Name:8]4X8H_A.pdb    EELTTRKDDQEETVRKRLVEYHQMTAALIGYYSKEAEAGN"
"1","
"
"1","[Truncated_Name:9]3HPR_A.pdb    EELTTRKDDQEETVRKRLVEYHQMTAPLIGYYSKEAEAGN"
"1","
"
"1","[Truncated_Name:10]1E4V_A.pdb   EELTTRKDDQEETVRKRLVEYHQMTAPLIGYYSKEAEAGN"
"1","
"
"1","[Truncated_Name:11]5EJE_A.pdb   EELTTRKDDQEECVRKRLVEYHQMTAPLIGYYSKEAEAGN"
"1","
"
"1","[Truncated_Name:12]1E4Y_A.pdb   EELTTRKDDQEETVRKRLVEYHQMTAPLIGYYSKEAEAGN"
"1","
"
"1","[Truncated_Name:13]3X2S_A.pdb   EELTTRKDDQEETVRKRLCEYHQMTAPLIGYYSKEAEAGN"
"1","
"
"1","[Truncated_Name:14]6HAP_A.pdb   EELTTRKDDQEETVRKRLVEYHQMTAPLIGYYSKEAEAGN"
"1","
"
"1","[Truncated_Name:15]6HAM_A.pdb   EELTTRKDDQEETVRKRLVEYHQMTAPLIGYYSKEAEAGN"
"1","
"
"1","[Truncated_Name:16]4K46_A.pdb   EDLVIREDDKEETVLARLGVYHNQTAPLIAYYGKEAEAGN"
"1","
"
"1","[Truncated_Name:17]4NP6_A.pdb   EDLVIREDDKEETVRARLNVYHTQTAPLIEYYGKEAAAGK"
"1","
"
"1","[Truncated_Name:18]3GMT_A.pdb   EPLVQRDDDKEETVKKRLDVYEAQTKPLITYYGDWARRGA"
"1","
"
"1","[Truncated_Name:19]4PZL_A.pdb   EPLITRTDDNEDTVKQRLSVYHAQTAKLIDFYRNFSSTNT"
"1","
"
"1","                                * *  *  * *^ *  **  ^   *  ** ^*        "
"1"," "
"1","
"
"1","                              161        .         .         .         200"
"1"," "
"1","

"
"1","                              201        .         .      227"
"1"," "
"1","
"
"1","[Truncated_Name:1]1AKE_A.pdb    T--KYAKVDGTKPVAEVRADLEKILG-"
"1","
"
"1","[Truncated_Name:2]8BQF_A.pdb    T--KYAKVDGTKPVAEVRADLEKIL--"
"1","
"
"1","[Truncated_Name:3]4X8M_A.pdb    T--KYAKVDGTKPVAEVRADLEKILG-"
"1","
"
"1","[Truncated_Name:4]6S36_A.pdb    T--KYAKVDGTKPVAEVRADLEKILG-"
"1","
"
"1","[Truncated_Name:5]8Q2B_A.pdb    T--KYAKVDGTKPVAEVRADLEKILG-"
"1","
"
"1","[Truncated_Name:6]8RJ9_A.pdb    T--KYAKVDGTKPVAEVRADLEKILG-"
"1","
"
"1","[Truncated_Name:7]6RZE_A.pdb    T--KYAKVDGTKPVAEVRADLEKILG-"
"1","
"
"1","[Truncated_Name:8]4X8H_A.pdb    T--KYAKVDGTKPVAEVRADLEKILG-"
"1","
"
"1","[Truncated_Name:9]3HPR_A.pdb    T--KYAKVDGTKPVAEVRADLEKILG-"
"1","
"
"1","[Truncated_Name:10]1E4V_A.pdb   T--KYAKVDGTKPVAEVRADLEKILG-"
"1","
"
"1","[Truncated_Name:11]5EJE_A.pdb   T--KYAKVDGTKPVAEVRADLEKILG-"
"1","
"
"1","[Truncated_Name:12]1E4Y_A.pdb   T--KYAKVDGTKPVAEVRADLEKILG-"
"1","
"
"1","[Truncated_Name:13]3X2S_A.pdb   T--KYAKVDGTKPVAEVRADLEKILG-"
"1","
"
"1","[Truncated_Name:14]6HAP_A.pdb   T--KYAKVDGTKPVCEVRADLEKILG-"
"1","
"
"1","[Truncated_Name:15]6HAM_A.pdb   T--KYAKVDGTKPVCEVRADLEKILG-"
"1","
"
"1","[Truncated_Name:16]4K46_A.pdb   T--QYLKFDGTKAVAEVSAELEKALA-"
"1","
"
"1","[Truncated_Name:17]4NP6_A.pdb   T--QYLKFDGTKQVSEVSADIAKALA-"
"1","
"
"1","[Truncated_Name:18]3GMT_A.pdb   E-------NGLKAPA-----YRKISG-"
"1","
"
"1","[Truncated_Name:19]4PZL_A.pdb   KIPKYIKINGDQAVEKVSQDIFDQLNK"
"1","
"
"1","                                         *                 "
"1"," "
"1","
"
"1","                              201        .         .      227"
"1"," "
"1","

"
"1","Call:
  "
"1",""
"1","pdbaln(files = files, fit = TRUE, exefile = ""msa"")"
"1",""
"1","

"
"1","Class:
  "
"1",""
"1","pdbs, fasta"
"1",""
"1","

"
"1","Alignment dimensions:
  "
"1",""
"1","19"
"1",""
"1"," sequence rows; "
"1",""
"1","227"
"1",""
"1"," position columns"
"1",""
"1"," ("
"1",""
"1","199"
"1",""
"1"," non-gap, "
"1",""
"1","28"
"1",""
"1"," gap) "
"1",""
"1","
"
"1","
"
"1","+ attr: xyz, resno, b, chain, id, ali, resid, sse, call"
"1","
"
